"PAYMENTS FOR LEGISLATIVE, GOVERNMENTAL, OR CHARITABLE ACTIVITIES",,,,,,,,,,,,
SENATE 2011,,,Last Updated,,,,,,,,,
,,,1/4/2012,,,,,,,,,
OFFICIAL,"DATE OF 
PAYMENT",PAYOR,CITY,STATE,AMOUNT,PAYEE,CITY,STATE,DESCRIPTION,"LGC 
PURPOSE","NOTICE 
RECEIVED","YTD AMOUNT 
BY MEMBER"
"Aanestad, Sam",11/01-11/30/10,Akin Gump Strauss Hauer & Feld LLP,San Francisco,CA,"36,444",Partners and employees of Akin Gump Strauss Hauer & Feld LLP (compensation for services provided),San Francisco,CA,"Compensation for pro bono legal services performed for Intervenors in litigation (Coleman, et al. v. Schwarzenegger et al. and Plata, et al. v. Schwarzenegger et al.); Representation of Members of California Legislature who are Intervenors in litigation pending in the U.S. District Court, Eastern and Northern Districts, California.",Governmental,1/5/11,
,,,,,,,,,,,,"36,444"
"Anderson, Joel",12/1-12/31/10,Akin Gump Strauss Hauer & Feld LLp,San Francisco,CA,"4,361",Partners and employees of Akin Gump Strauss Hauer & Feld LLP (compensation for services provided),San Francisco,CA,"Compensation for pro bono legal services performed for Intervenors in litigation (Coleman, et al. v. Schwarzenegger et al. and Plata, et al. v. Schwarzenegger et al.); Representation of Members of California Legislature who are Intervenors in litigation pending in the U.S. District Court, Eastern and Northern Districts, California.",Governmental,3/11/11,
,1/1-1/31/11,Akin Gump Strauss Hauer & Feld LLP,San Francisco,CA,323,Partners and employees of Akin Gump Strauss Hauer & Feld LLP (compensation for services provided),San Francisco,CA,"Compensaton for pro bono legal services  performed for Intervenors in litigation (Coleman, et al. v. Schwarzenegger et al. and Plata, et al. v. Schwarzenegger et al.); Representation of Members of California Legislature who are Intervenors in litigation pending in the U.S. District Court, Eastern and Northern Districts, California.",Governmental,3/11/11,
,3/18/11,Barona Band of Mission Indians,Lakeside,CA,"5,000","University of San Diego/Grossmont Union High School District, Roni Nocon, Project Specialist",San Diego,CA,Donation to fund the purchase of material for career centers in the Grossmont School District.,Charitable,3/22/11,
,2/1-2/28/11,Akin Gump Strauss Hauer & Feld LLP,San Francisco,CA,"2,020",Partners and employees of Akin Gump Strauss Hauer & Feld LLP (compensation for services provided),San Francisco,CA,"Compensaton for pro bono legal services  performed for Intervenors in litigation (Coleman, et al. v. Schwarzenegger et al. and Plata, et al. v. Schwarzenegger et al.); Representation of Members of California Legislature who are Intervenors in litigation pending in the U.S. District Court, Eastern and Northern Districts, California.",Governmental,4/19/11,
,3/1-3/31/11,Akin Gump Strauss Hauer & Feld LLP,San Francisco,CA,"4,400",Partners and employees of Akin Gump Strauss Hauer & Feld LLP (compensation for services provided),San Francisco,CA,"Compensaton for pro bono legal services  performed for Intervenors in litigation (Coleman, et al. v. Schwarzenegger et al. and Plata, et al. v. Schwarzenegger et al.); Representation of Members of California Legislature who are Intervenors in litigation pending in the U.S. District Court, Eastern and Northern Districts, California.",Governmental,4/28/11,
,4/1-4/30/11,Akin Gump Strauss Hauer & Feld LLP,San Francisco,CA,"1,650",Partners and employees of Akin Gump Strauss Hauer & Feld LLP (compensation for services provided),San Francisco,CA,"Compensaton for pro bono legal services  performed for Intervenors in litigation (Coleman, et al. v. Schwarzenegger et al. and Plata, et al. v. Schwarzenegger et al.); Representation of Members of California Legislature who are Intervenors in litigation pending in the U.S. District Court, Eastern and Northern Districts, California.",Governmental,5/25/11,
,7/13/11,Barona Band of Mission Indians,Lakeside,CA,"5,000",Rio Seco Elementary School,Santee,CA,Donation fo fund the purchase of materials to facilitate the teaching of literacy.,Charitable,8/18/11,
,,,,,,,,,,,,"22,754"
"Berryhill, Tom",12/7/10,Barona Band of Mission Indians,Lakeside,CA,"5,000",Twain - Harte - Long Barn Union School District,Twain Harte,CA,Providing reading programs for students.,Charitable,1/12/11,
,2/1-2/28/11,Akin Gump Strauss Hauer & Feld LLP,San Francisco,CA,"2,020",Partners and employees of Akin Gump Strauss Hauer & Feld LLP (compensation for services provided),San Francisco,CA,"Compensaton for pro bono legal services  performed for Intervenors in litigation (Coleman, et al. v. Schwarzenegger et al. and Plata, et al. v. Schwarzenegger et al.); Representation of Members of California Legislature who are Intervenors in litigation pending in the U.S. District Court, Eastern and Northern Districts, California.",Governmental,4/4/11,
,3/18/11,Barona Band of Mission Indians,Lakeside,CA,"5,000",Mesa Verde Elementary School,Oakdale,CA,Funds to support one-time classroom expenses.,Charitable,4/7/11,
,4/1-4/30/11,Akin Gump Strauss Hauer & Feld LLP,San Francisco,CA,"1,650",Partners and employees of Akin Gump Strauss Hauer & Feld LLP (compensation for services provided),San Francisco,CA,"Compensaton for pro bono legal services  performed for Intervenors in litigation (Coleman, et al. v. Schwarzenegger et al. and Plata, et al. v. Schwarzenegger et al.); Representation of Members of California Legislature who are Intervenors in litigation pending in the U.S. District Court, Eastern and Northern Districts, California.",Governmental,6/6/11,
,,,, ,,,,,,,,"13,670"
"Blakeslee, Sam",11/01-11/30/10,Akin Gump Strauss Hauer & Feld LLP,San Francisco,CA,"36,444",Partners and employees of Akin Gump Strauss Hauer & Feld LLP (compensation for services provided),San Francisco,CA,"Compensation for pro bono legal services performed for Intervenors in litigation (Coleman, et al. v. Schwarzenegger et al. and Plata, et al. v. Schwarzenegger et al.); Representation of Members of California Legislature who are Intervenors in litigation  in the U.S. District Court, Eastern and Northern Districts, California.",Governmental,1/4/11,
,,,,,,,,,,,,
,1/1-1/31/11,Akin Gump Strauss Hauer & Feld LLP,San Francisco,CA,323,Partners and employees of Akin Gump Strauss Hauer & Feld LLP (compensation for services provided),San Francisco,CA,"Compensation for pro bono legal services performed for Intervenors in litigation (Coleman, et al. v. Schwarzenegger et al. and Plata, et al. v. Schwarzenegger et al.); Representation of Members of California Legislature who are Intervenors in litigation  in the U.S. District Court, Eastern and Northern Districts, California.",Governmental,3/4/11,
,3/1-3/31/11,Akin Gump Strauss Hauer & Feld LLP,San Francisco,CA,"4,400",Partners and employees of Akin Gump Strauss Hauer & Feld LLP (compensation for services provided),San Francisco,CA,"Compensation for pro bono legal services performed for Intervenors in litigation (Coleman, et al. v. Schwarzenegger et al. and Plata, et al. v. Schwarzenegger et al.); Representation of Members of California Legislature who are Intervenors in litigation  in the U.S. District Court, Eastern and Northern Districts, California.",Governmental,5/16/11,
,4/1-4/30/11,Akin Gump Strauss Hauer & Feld LLP,San Francisco,CA,"1,650",Partners and employees of Akin Gump Strauss Hauer & Feld LLP (compensation for services provided),San Francisco,CA,"Compensation for pro bono legal services performed for Intervenors in litigation (Coleman, et al. v. Schwarzenegger et al. and Plata, et al. v. Schwarzenegger et al.); Representation of Members of California Legislature who are Intervenors in litigation  in the U.S. District Court, Eastern and Northern Districts, California.",Governmental,5/25/11,
,,,,,,,,,,,,"42,817"
"Corbett, Ellen",12/7/10,Barona Band of Mission Indians,Lakeside,CA,"5,000",Golden Oak Montessori of Hayward Charter School,Hayward,CA,Grant for mathematic materials.,Charitable,3/2/11,
,,,,,,,,,,,,"5,000"
"Correa, Lou",1/8/11,Orange County Employees Association,Santa Ana,CA,"5,014",Godfrey Audio Visual,Sacramento,CA,The People's Inauguration Party 2011,Governmental,2/3/11,
,2/9/11,Barona Band of Mission Indians,Lakeside,CA,"5,000",Fremont Elementary School,Santa Ana,CA,Grant will assist in purchase of library reading materials.,Charitable,3/2/11,
,,,,,,,,,,,,"10,014"
"DeSaulnier, Mark",1/4/11,Bazu Sports,Davis,CA,"7,115",Public Health Institute,Oakland,CA,California Task Force on Youth and Workplace Wellness.,Charitable,2/7/11,
,1/25/11,Kaiser Foundation Health Plan Inc,Oakland,CA,"20,000",Public Health Institute,Oakland,CA,California Task Force on Youth and Workplace Wellness.,Charitable,2/7/11,
,1/26/11,Bazu Sports,Davis,CA,"7,740",Public Health Institute,Oakland,CA,California Task Force on Youth and Workplace Wellness.,Charitable,2/7/11,
,3/16/11,Pfizer,New York,NY,"5,000",Public Health Institute,Oakland,CA,California Task Force on Youth and Workplace Wellness.,Charitable,4/18/11,
,,,,,,,,,,,,"39,855"
"Dutton, Bob",1/10/11,"Sheila Alvarez, Director of Governor Affairs, Barona Band of Mission Indians",Lakeside,CA,"5,000",Loma Vista Middle School,Riverside,CA,Grant being awarded to Loma Vista Middle School.,Charitable,1/20/11,
,11/01-11/30/10,Akin Gump Strauss Hauer & Feld LLP,San Francisco,CA,"36,444",Partners and employees of Akin Gump Strauss Hauer & Feld LLP (compensation for services provided),San Francisco,CA,"Compensation for pro bono legal services performed for Intervenors in litigation (Coleman, et al. v. Schwarzenegger et al. and Plata, et al. v. Schwarzenegger et al.); Representation of Members of California Legislature who are Intervenors in litigation  in the U.S. District Court, Eastern and Northern Districts, California.",Governmental,1/24/11,
,12/1-12/31/10,Akin Gump Strauss Hauer & Feld LLP,San Francisco,CA,"4,361",Partners and employees of Akin Gump Strauss Hauer & Feld LLP (compensation for services provided),San Francisco,CA,"Compensation for pro bono legal services performed for Intervenors in litigation (Coleman, et al. v. Schwarzenegger et al. and Plata, et al. v. Schwarzenegger et al.); Representation of Members of California Legislature who are Intervenors in litigation  in the U.S. District Court, Eastern and Northern Districts, California.",Governmental,3/4/11,
,1/1-1/31/11,Akin Gump Strauss Hauer & Feld LLP,San Francisco,CA,323,Partners and employees of Akin Gump Strauss Hauer & Feld LLP (compensation for services provided),San Francisco,CA,"Compensation for pro bono legal services performed for Intervenors in litigation (Coleman, et al. v. Schwarzenegger et al. and Plata, et al. v. Schwarzenegger et al.); Representation of Members of California Legislature who are Intervenors in litigation  in the U.S. District Court, Eastern and Northern Districts, California.",Governmental,3/4/11,
,2/1-2/28/11,Akin Gump Strauss Hauer & Feld LLP,San Francisco,CA,"2,020",Partners and employees of Akin Gump Strauss Hauer & Feld LLP (compensation for services provided),San Francisco,CA,"Compensation for pro bono legal services performed for Intervenors in litigation (Coleman, et al. v. Schwarzenegger et al. and Plata, et al. v. Schwarzenegger et al.); Representation of Members of California Legislature who are Intervenors in litigation  in the U.S. District Court, Eastern and Northern Districts, California.",Governmental,4/27/11,
,3/1-3/31/11,Akin Gump Strauss Hauer & Feld LLP,San Francisco,CA,"4,400",Partners and employees of Akin Gump Strauss Hauer & Feld LLP (compensation for services provided),San Francisco,CA,"Compensation for pro bono legal services performed for Intervenors in litigation (Coleman, et al. v. Schwarzenegger et al. and Plata, et al. v. Schwarzenegger et al.); Representation of Members of California Legislature who are Intervenors in litigation  in the U.S. District Court, Eastern and Northern Districts, California.",Governmental,4/28/11,
,4/1-4/30/11,Akin Gump Strauss Hauer & Feld LLP,San Francisco,CA,"1,650",Partners and employees of Akin Gump Strauss Hauer & Feld LLP (compensation for services provided),San Francisco,CA,"Compensation for pro bono legal services performed for Intervenors in litigation (Coleman, et al. v. Schwarzenegger et al. and Plata, et al. v. Schwarzenegger et al.); Representation of Members of California Legislature who are Intervenors in litigation  in the U.S. District Court, Eastern and Northern Districts, California.",Governmental,5/25/11,
,11/22/11,California Water Association,Cerritos,CA,"7,824","Gap Food Bank, Ephesians New Testament Church and Mountain Community Thanksgiving Day Feast","Rancho Cucamonga, Fontana and Chrestline",CA,Turkey Donations,Charitable,12/23/11,
,,,,,,,,,,,,"62,022"
"Emmerson, Bill",11/01-11/30/10,Akin Gump Strauss Hauer & Feld LLP,San Francisco,CA,"36,444",Partners and employees of Akin Gump Strauss Hauer & Feld LLP (compensation for services provided),San Francisco,CA,"Compensation for pro bono legal services performed for Intervenors in litigation (Coleman, et al. v. Schwarzenegger et al. and Plata, et al. v. Schwarzenegger et al.); Representation of Members of California Legislature who are Intervenors in litigation  in the U.S. District Court, Eastern and Northern Districts, California.",Governmental,1/5/11,
,12/1-12/31/10,Akin Gump Strauss Hauer & Feld LLP,San Francisco,CA,"4,361",Partners and employees of Akin Gump Strauss Hauer & Feld LLP (compensation for services provided),San Francisco,CA,"Compensation for pro bono legal servicesperformed for Intervenors in litigation (Coleman, et al. v. Schwarzenegger et al. and Plata, et al. v. Schwarzenegger et al.); Representation of Members of California Legislature who are Intervenors in litigation  in the U.S. District Court, Eastern and Northern Districts, California.",Governmental,1/8/11,
,1/1-1/31/11,Akin Gump Strauss Hauer & Feld LLP,San Francisco,CA,323,Partners and employees of Akin Gump Strauss Hauer & Feld LLP (compensation for services provided),San Francisco,CA,"Compensation for pro bono legal servicesperformed for Intervenors in litigation (Coleman, et al. v. Schwarzenegger et al. and Plata, et al. v. Schwarzenegger et al.); Representation of Members of California Legislature who are Intervenors in litigation  in the U.S. District Court, Eastern and Northern Districts, California.",Governmental,3/4/11,
,2/1-2/28/11,Akin Gump Strauss Hauer & Feld LLP,San Francisco,CA,"2,020",Partners and employees of Akin Gump Strauss Hauer & Feld LLP (compensation for services provided),San Francisco,CA,"Compensaton for pro bono legal services  performed for Intervenors in litigation (Coleman, et al. v. Schwarzenegger et al. and Plata, et al. v. Schwarzenegger et al.); Representation of Members of California Legislature who are Intervenors in litigation pending in the U.S. District Court, Eastern and Northern Districts, California.",Governmental,4/6/11,
,3/1-3/31/11,Akin Gump Strauss Hauer & Feld LLP,San Francisco,CA,"4,400",Partners and employees of Akin Gump Strauss Hauer & Feld LLP (compensation for services provided),San Francisco,CA,"Compensaton for pro bono legal services  performed for Intervenors in litigation (Coleman, et al. v. Schwarzenegger et al. and Plata, et al. v. Schwarzenegger et al.); Representation of Members of California Legislature who are Intervenors in litigation pending in the U.S. District Court, Eastern and Northern Districts, California.",Governmental,5/3/11,
,4/8/11,Chevron Corporation,Sacramento,CA,"5,000",Ramona Bowl Ampitheater,Hemet,CA,Sponsorship of California's Official Outdoor Play,Charitable,4/29/11,
,4/11/11,San Manuel Band of Serrano Mission Indians,Highland,CA,"25,000",Ramona Bowl,Hemet,CA,Sponsorship of California's Official Outdoor Play,Charitable,5/3/11,
,4/1-4/30/11,Akin Gump Strauss Hauer & Feld LLP,San Francisco,CA,"1,650",Partners and employees of Akin Gump Strauss Hauer & Feld LLP (compensation for services provided),San Francisco,CA,"Compensaton for pro bono legal services  performed for Intervenors in litigation (Coleman, et al. v. Schwarzenegger et al. and Plata, et al. v. Schwarzenegger et al.); Representation of Members of California Legislature who are Intervenors in litigation pending in the U.S. District Court, Eastern and Northern Districts, California.",Governmental,5/27/11,
,,,,,,,,,,,,"79,198"
"Fuller, Jean",12/1-12/31/10,Akin Gump Strauss Hauer & Feld LLP,San Francisco,CA,"4,361",Partners and employees of Akin Gump Strauss Hauer & Feld LLP (compensation for services provided),San Francisco,CA,"Compensation for pro bono legal services performed for Intervenors in litigation (Coleman, et al. v. Schwarzenegger et al. and Plata, et al. v. Schwarzenegger et al.); Representation of Members of California Legislature who are Intervenors in litigation  in the U.S. District Court, Eastern and Northern Districts, California.",Governmental,2/7/11,
,1/1-1/31/11,Akin Gump Strauss Hauer & Field LLP,San Francisco,CA,323,Partners and employees of Akin Gump Strauss Hauer & Feld LLP (compensation for services provided),San Francisco,CA,"Compensation for pro bono legal services performed for Intervenors in litigation (Coleman, et al. v. Schwarzenegger et al. and Plata, et al. v. Schwarzenegger et al.); Representation of Members of California Legislature who are Intervenors in litigation pending in the U.S. District Court, Eastern and Northern Districts, California.",Governmental,3/4/11,
,3/1-3/31/11,Akin Gump Strauss Hauer & Field LLP,San Francisco,CA,"4,400",Partners and employees of Akin Gump Strauss Hauer & Feld LLP (compensation for services provided),San Francisco,CA,"Compensation for pro bono legal services performed for Intervenors in litigation (Coleman, et al. v. Schwarzenegger et al. and Plata, et al. v. Schwarzenegger et al.); Representation of Members of California Legislature who are Intervenors in litigation pending in the U.S. District Court, Eastern and Northern Districts, California.",Governmental,4/29/11,
,2/1-2/28/11,Akin Gump Strauss Hauer & Field LLP,San Francisco,CA,"2,020",Partners and employees of Akin Gump Strauss Hauer & Feld LLP (compensation for services provided),San Francisco,CA,"Compensation for pro bono legal services performed for Intervenors in litigation (Coleman, et al. v. Schwarzenegger et al. and Plata, et al. v. Schwarzenegger et al.); Representation of Members of California Legislature who are Intervenors in litigation pending in the U.S. District Court, Eastern and Northern Districts, California.",Governmental,5/10/11,
,4/1-4/30/11,Akin Gump Strauss Hauer & Field LLP,San Francisco,CA,"1,650",Partners and employees of Akin Gump Strauss Hauer & Feld LLP (compensation for services provided),San Francisco,CA,"Compensation for pro bono legal services performed for Intervenors in litigation (Coleman, et al. v. Schwarzenegger et al. and Plata, et al. v. Schwarzenegger et al.); Representation of Members of California Legislature who are Intervenors in litigation pending in the U.S. District Court, Eastern and Northern Districts, California.",Governmental,5/25/11,
,,,,,,,,,,,,"12,754"
"Gaines, Edward (Ted)",12/1-12/31/10,Akin Gump Strauss Hauer & Field LLP,San Francisco,CA,"4,361",Partners and employees of Akin Gump Strauss Hauer & Feld LLP (compensation for services provided),San Francisco,CA,"Compensation for pro bono legal services performed for Intervenors in litigation (Coleman, et al. v. Schwarzenegger et al. and Plata, et al. v. Schwarzenegger et al.); Representation of Members of California Legislature who are Intervenors in litigation pending in the U.S. District Court, Eastern and Northern Districts, California.",Governmental,3/11/11,
,1/1-1/31/11,Akin Gump Strauss Hauer & Field LLP,San Francisco,CA,323,Partners and employees of Akin Gump Strauss Hauer & Feld LLP (compensation for services provided),San Francisco,CA,"Compensation for pro bono legal services performed for Intervenors in litigation (Coleman, et al. v. Schwarzenegger et al. and Plata, et al. v. Schwarzenegger et al.); Representation of Members of California Legislature who are Intervenors in litigation pending in the U.S. District Court, Eastern and Northern Districts, California.",Governmental,3/11/11,
,2/1-2/28/11,Akin Gump Strauss Hauer & Feld LLP,San Francisco,CA,"2,020",Partners and employees of Akin Gump Strauss Hauer & Feld LLP (compensation for services provided),San Francisco,CA,"Compensaton for pro bono legal services  performed for Intervenors in litigation (Coleman, et al. v. Schwarzenegger et al. and Plata, et al. v. Schwarzenegger et al.); Representation of Members of California Legislature who are Intervenors in litigation pending in the U.S. District Court, Eastern and Northern Districts, California.",Governmental,4/4/11,
,3/1-3/31/11,Akin Gump Strauss Hauer & Feld LLP,San Francisco,CA,"4,400",Partners and employees of Akin Gump Strauss Hauer & Feld LLP (compensation for services provided),San Francisco,CA,"Compensaton for pro bono legal services  performed for Intervenors in litigation (Coleman, et al. v. Schwarzenegger et al. and Plata, et al. v. Schwarzenegger et al.); Representation of Members of California Legislature who are Intervenors in litigation pending in the U.S. District Court, Eastern and Northern Districts, California.",Governmental,4/29/11,
,4/1-4/30/11,Akin Gump Strauss Hauer & Feld LLP,San Francisco,CA,"1,650",Partners and employees of Akin Gump Strauss Hauer & Feld LLP (compensation for services provided),San Francisco,CA,"Compensaton for pro bono legal services  performed for Intervenors in litigation (Coleman, et al. v. Schwarzenegger et al. and Plata, et al. v. Schwarzenegger et al.); Representation of Members of California Legislature who are Intervenors in litigation pending in the U.S. District Court, Eastern and Northern Districts, California.",Governmental,6/1/11,
,11/22/11,Pacific Gas & Electric Company,Sacramento,CA,"2,500",Twin Lakes Food Bank,Folsom,CA,Support for food bank community efforts,Charitable,12/8/11,
,11/21/11,Pacific Gas & Electric Company,Sacramento,CA,"2,500","Courage To Be You, Inc.",Rocklin,CA,To support the nonprofit's efforts to help youth,Charitable,12/8/11,
,,,,,,,,,,,,"17,754"
"Harman, Thomas",7/26/11,Barona Band of Mission Indians,Lakeside,CA,"5,000",J.H. McGaugh Elementary School,Seal Beach,CA,2011 Barona Education Grant for electronic equipment for students in special day classrooms.  Grant required endorsement letter from a legislator.,Charitable,8/24/11,
,7/26/11,Barona Band of Mission Indians,Lakeside,CA,"5,000",J.H. McGaugh Elementary School,Seal Beach,CA,2011 Barona Education Grant for electronic equipment for students in special day classrooms.  Grant required endorsement letter from a legislator.,Charitable,8/29/11,
,,,,,,,,,,,,"10,000"
"Hernandez, Ed",7/11/11,Barona Band of Mission Indians,Lakeside,CA,"5,000",Durfee School,El Monte,CA,Educational Grant to school to assist in the purchase of computer equipment.,Charitable,8/4/11,
,6/20/11,Kaiser Permanente,Oakland,CA,"10,000",East Valley Community Health Center,West Covina,CA,Monetary contribution to health clinic to provide healthcare services to the low-income and underserved populations of the East San Gabriel and Pomona Valley,Charitable,8/18/11,
,6/20/11,Citrus Valley Health Partners,Covina,CA,"5,000",East Valley Community Health Center,West Covina,CA,Monetary contribution to health clinic to provide healthcare services to the low-income and underserved populations of the East San Gabriel and Pomona Valley,Charitable,8/18/11,
,6/20/11,Lab Corp,Burlington,CA,"5,000",East Valley Community Health Center,West Covina,CA,Monetary contribution to health clinic to provide healthcare services to the low-income and underserved populations of the East San Gabriel and Pomona Valley,Charitable,8/18/11,
,6/20/11,Majestic Realty Company,City of Industry,CA,"5,000",East Valley Community Health Center,West Covina,CA,Monetary contribution to health clinic to provide healthcare services to the low-income and underserved populations of the East San Gabriel and Pomona Valley,Charitable,8/18/11,
,,,,,,,,,,,,"30,000"
"Hollingsworth, Dennis",11/01-11/30/10,Akin Gump Strauss Hauer & Feld LLP,San Francisco,CA,"36,444",Partners and employees of Akin Gump Strauss Hauer & Feld LLP (compensation for services provided),San Francisco,CA,"Compensation for pro bono legal services performed for Intervenors in litigation (Coleman, et al. v. Schwarzenegger et al. and Plata, et al. v. Schwarzenegger et al.); Representation of Members of California Legislature who are Intervenors in litigation pending in the U.S. District Court, Eastern and Northern Districts, California.",Governmental,1/7/11,
,,,,,,,,,,,,"36,444"
"Huff, Bob",12/1-12/31/10,Akin Gump Strauss Hauer & Feld LLP,San Francisco,CA,"4,361",Partners and employees of Akin Gump Strauss Hauer & Feld LLP (compensation for services provided),San Francisco,CA,"Compensation for pro bono legal services performed for Intervenors in litigation (Coleman, et al. v. Schwarzenegger et al. and Plata, et al. v. Schwarzenegger et al.); Representation of Members of California Legislature who are Intervenors in litigation pending in the U.S. District Court, Eastern and Northern Districts, California.",Governmental,8/3/11,
,3/1/11,Pacific Legal Foundation,Sacramento,CA,"13,100","Sharon L. Browne, Principal Attorney, Pacific Legal Foundation",Sacramento,CA,"Pro bono legal services performed for Brief Amicus Curiae on behalf of Senator Huff and Parents for Choice. (Walnut Valley USD et al., Petitioners v. Sup Court of LA, Resp. Rowland USD et al.  Representing Senator Huff, Parents for Choice and Petitioners in litigation that was pending in LA County Superior Court.  The case has been decided.",Governmental,3/16/11,
,2/1-2/28/11,Akin Gump Strauss Hauer & Feld LLP,San Francisco,CA,"2,020",Partners and employees of Akin Gump Strauss Hauer & Feld LLP (compensation for services provided),San Francisco,CA,"Compensaton for pro bono legal services  performed for Intervenors in litigation (Coleman, et al. v. Schwarzenegger et al. and Plata, et al. v. Schwarzenegger et al.); Representation of Members of California Legislature who are Intervenors in litigation pending in the U.S. District Court, Eastern and Northern Districts, California.",Governmental,4/4/11,
,3/1-3/31/11,Akin Gump Strauss Hauer & Feld LLP,San Francisco,CA,"4,400",Partners and employees of Akin Gump Strauss Hauer & Feld LLP (compensation for services provided),San Francisco,CA,"Compensaton for pro bono legal services  performed for Intervenors in litigation (Coleman, et al. v. Schwarzenegger et al. and Plata, et al. v. Schwarzenegger et al.); Representation of Members of California Legislature who are Intervenors in litigation pending in the U.S. District Court, Eastern and Northern Districts, California.",Governmental,4/28/11,
,5/5/11,Barona Band of Mission Indians,Lakeside,CA,"5,000",Oxford Preparatory Academy,Chino,CA,Grant to assist in the purchase of Apple iPads and VGA computers.,Charitable,5/23/11,
,4/1-4/30-11,Akin Gump Strauss Hauer & Feld LLP,San Francisco,CA,"1,650",Partners and employees of Akin Gump Strauss Hauer & Feld LLP (compensation for services provided),San Francisco,CA,"Compensaton for pro bono legal services  performed for Intervenors in litigation (Coleman, et al. v. Schwarzenegger et al. and Plata, et al. v. Schwarzenegger et al.); Representation of Members of California Legislature who are Intervenors in litigation pending in the U.S. District Court, Eastern and Northern Districts, California.",Governmental,5/26/11,
,,,,,,,,,,,,"30,531"
"Kehoe, Christine",2/14/11,Barona Band of Mission Indians,Lakeside,CA,"5,000",Longfellow Spanish Immersion Magnet School,San Diego,CA,Grant to assist in the purchase of English and Spanish books.,Charitable,3/2/11,
,,,,,,,,,,,,"5,000"
"LaMalfa, Doug",12/1-12/31/10,Akin Gump Strauss Hauer & Feld LLP,San Francisco,CA,"4,361",Partners and employees of Akin Gump Strauss Hauer & Feld LLP (compensation for services provided),San Francisco,CA,"Compensation for pro bono legal services performed for Intervenors in litigation (Coleman, et al. v. Schwarzenegger et al. and Plata, et al. v. Schwarzenegger et al.); Representation of Members of California Legislature who are Intervenors in litigation pending in the U.S. District Court, Eastern and Northern Districts, California.",San Francisco,3/11/11,
,1/1-1/31/11,Akin Gump Strauss Hauer & Feld LLP,San Francisco,CA,323,Partners and employees of Akin Gump Strauss Hauer & Feld LLP (compensation for services provided),San Francisco,CA,"Compensation for pro bono legal services performed for Intervenors in litigation (Coleman, et al. v. Schwarzenegger et al. and Plata, et al. v. Schwarzenegger et al.); Representation of Members of California Legislature who are Intervenors in litigation pending in the U.S. District Court, Eastern and Northern Districts, California.",San Francisco,3/11/11,
,3/1/-3/31/11,Akin Gump Strauss Hauer & Feld LLP,San Francisco,CA,"4,400",Partners and employees of Akin Gump Strauss Hauer & Feld LLP (compensation for services provided),San Francisco,CA,"Compensation for pro bono legal services performed for Intervenors in litigation (Coleman, et al. v. Schwarzenegger et al. and Plata, et al. v. Schwarzenegger et al.); Representation of Members of California Legislature who are Intervenors in litigation pending in the U.S. District Court, Eastern and Northern Districts, California.",San Francisco,5/3/11,
,,,,,,,,,,,,"9,084"
"Padilla, Alex",1/25/11,AT&T,Sacramento,CA,"5,000",Meet Each Need with Dignity (MEND),Pacoima,CA,General Support,Charitable,2/9/11,
,1/25/11,AT&T,Sacramento,CA,"5,000",ICON - Initiating Change in Our Neighborhoods,Pacoima,CA,General Support,Charitable,2/9/11,
,12/13/10,Barona Band of Mission Indians,Lakeside,CA,"5,000",El Dorado Elementary School,Sylmar,CA,Assist in the purchase of computers.,Charitable,2/9/11,
,,,,,,,,,,,,
,,,,,,,,,,,,"15,000"
"Pavley, Fran",3/22/11,Milken Family Foundation,Santa Monica,CA,"36,000",Jewish Community and Recreational Center of the West Valley (JCC at Milken),West Hills,CA,Fundraiser for JCC programs,Monetary Donation,5/23/11,
,3/18/11,Southern California Gas Company,Los Angeles,CA,"25,000",Breathe California of Los Angeles County,Los Angeles,CA,Proceeds benefit programs and services of Breathe CA of LA County,Monetary Donation,8/22/11,
,3/29/11,Boeing,Seal Beach,CA,"5,000",Breathe California of Los Angeles County,Los Angeles,CA,Proceeds benefit programs and services of Breathe CA of LA County,Charitable,8/22/11,
,4/1/11,Union Bank,Los Angeles,CA,"5,000",Breathe California of Los Angeles County,Los Angeles,CA,Proceeds benefit programs and services of Breathe CA of LA County,Charitable,8/22/11,
,,,,,,,,,,,,"71,000"
"Price, Curren",11/4/11,Verizon,Folsom,CA,"15,000",Educating Young Minds,Los Angeles,CA,After-school tutorial programs,Charitable,11/22/11,
,11/23/11,Verizon,Folsom,CA,"10,000",California Legislative Black Caucus,Sacramento,CA,Sponsorship of Education Scholarships,Charitable,12/6/11,
,,,,,,,,,,,,"25,000"
"Rubio, Michael J",7/5/11,Barona Band of Mission Indians,Lakeside,CA,"5,000",Cesar E. Chavez High School,Delano,CA,The goal is to build strong educational opportunities for the children of California.,Charitable,7/14/11,
,,,,,,,,,,,,"5,000"
"Steinberg, Darrell",12/7/10,Barona Band of Mission Indians,Lakeside,CA,"5,000",Natomas Middle School,Sacramento,CA,"$5000.00 donated for buying library books, a library computer program, and career books.",Charitable,1/24/11,
,7/12/11,Yocha Dehe Wintun Nation,Brooks,CA,"300,000",Capitol Unity Center,Sacramento,CA,Supports construction of Capitol Unity Center 501 c3 Charity.,Charitable,7/18/11,
,,,,,,,,,,,,"305,000"
"Strickland, Tony",3/8/11,Barona Band of Mission Indians,Lakeside,CA,"5,000",Solvang Elementary School,Sacramento,CA,From barona Band of Mission Indians for desktop computers.,Charitable,4/7/11,
,,,,,,,,,,,,"5,000"
"Walters, Mimi",11/01-11/30/10,Akin Gump Strauss Hauer & Feld LLP,San Francisco,CA,"36,444",Partners and employees of Akin Gump Strauss Hauer & Feld LLP (compensation for services provided),San Francisco,CA,"Compensation for pro bono legal services performed for Intervenors in litigation (Coleman, et al. v. Schwarzenegger et al. and Plata, et al. v. Schwarzenegger et al.); Representation of Members of California Legislature who are Intervenors in litigation pending in the U.S. District Court, Eastern and Northern Districts, California.",Governmental,1/7/11,
,1/1-1/31/11,Akin Gump Strauss Hauer & Feld LLP,San Francisco,CA,323,Partners and employees of Akin Gump Strauss Hauer & Feld LLP (compensation for services provided),San Francisco,CA,"Compensation for pro bono legal services performed for Intervenors in litigation (Coleman, et al. v. Schwarzenegger et al. and Plata, et al. v. Schwarzenegger et al.); Representation of Members of California Legislature who are Intervenors in litigation pending in the U.S. District Court, Eastern and Northern Districts, California.",Governmental,3/2/11,
,,,,,,,,,,,,
,4/1-4/30/11,Akin Gump Strauss Hauer & Feld LLP,San Francisco,CA,"1,650",Partners and employees of Akin Gump Strauss Hauer & Feld LLP (compensation for services provided),San Francisco,CA,"Compensation for pro bono legal services performed for Intervenors in litigation (Coleman, et al. v. Schwarzenegger et al. and Plata, et al. v. Schwarzenegger et al.); Representation of Members of California Legislature who are Intervenors in litigation pending in the U.S. District Court, Eastern and Northern Districts, California.",Governmental,6/1/11,
,,,,,,,,,,,,"38,417"
"Wolk, Lois G",5/5/11,Barona Band of Mission Indians,Lakeside,CA,"5,000",Taylor Leadership Academy,Stockton,CA,"Purchase of flip cameras, laptops, and microphone headsets.",Charitable,6/16/11,
,5/5/11,Barona Band of Mission Indians,Lakeside,CA,"5,000",Taylor Leadership Academy,Stockton,CA,"Purchase of flip cameras, laptops, and microphone headsets.",Charitable,6/24/11,
,,,,,,,,,,,,"10,000"
"Wright, Roderick D",12/27/10,AT&T,Sacramento,CA,"2,500",National Family Life & Education Center,Los Angeles,CA,Donation for community holiday event,Charitable,2/3/11,
,3/31/11,AT&T,Sacramento,CA,"2,500",National Family Life & Education Center,Los Angeles,CA,Black History Month Recognition Event,Charitable,4/27/11,
,5/11/11,GTECH,West Greenwich,RI,"5,000",National Family Life & Education Center,Los Angeles,CA,Donation for Student Honors Recognition Community Event,Charitable,6/1/11,
,5/4/11,Edison International,Rosemead,CA,"5,000",National Family Life & Education Center,Los Angeles,CA,Donation for Student Honors Event,Charitable,6/1/11,
,6/1/11,AT&T,Sacramento,CA,"5,000",National Family Life & Education Center,Los Angeles,CA,Student Honors Recognition Community Event,Charitable,6/23/11,
,7/20/11,South Coast Air Quality Management District,Diamond Bar,CA,"5,000",National Family Life & Education Center,Los Angeles,CA,Student Honors Recognition Community Event,Charitable,8/1/11,
,8/17/11,Morongo Band of Mission Indians,Banning,CA,"5,000",National Family Life & Education Center,Los Angeles,CA,School Readiness & Health Fair,Charitable,9/6/11,
,9/2/11,Northrup Grumman Corporation,Los Angeles,CA,"4,000",National Family Life & Education Center,Los Angeles,CA,Donation for School Readiness and Health Fair,Charitable,10/1/11,
,9/13/11,Time Warner Cable,Chatsworth,CA,"5,000",National Family Life & Education Center,Los Angeles,CA,Donation for School Readiness and Health Fair,Charitable,10/1/11,
,9/14/11,South Coast Air Quality Management District,Los Angeles,CA,"2,500",National Family Life & Education Center,Los Angeles,CA,Donation for School Readiness and Health Fair,Charitable,10/1/11,
,,,,,,,,,,,,"41,500"
"Wyland, Mark",11/01-11/30/10,Akin Gump Strauss Hauer & Feld LLP,San Francisco,CA,"36,444",Partners and employees of Akin Gump Strauss Hauer & Feld LLP (compensation for services provided),San Francisco,CA,"Compensation for pro bono legal services performed for Intervenors in litigation (Coleman, et al. v. Schwarzenegger et al. and Plata, et al. v. Schwarzenegger et al.); Representation of Members of California Legislature who are Intervenors in litigation pending in the U.S. District Court, Eastern and Northern Districts, California.",Governmental,1/5/11,
,12/1-12/31/10,Akin Gump Strauss Hauer & Feld LLP,San Francisco,CA,"4,361",Partners and employees of Akin Gump Strauss Hauer & Feld LLP (compensation for services provided),San Francisco,CA,"Compensation for pro bono legal services performed for Intervenors in litigation (Coleman, et al. v. Schwarzenegger et al. and Plata, et al. v. Schwarzenegger et al.); Representation of Members of California Legislature who are Intervenors in litigation pending in the U.S. District Court, Eastern and Northern Districts, California.",Governmental,2/3/11,
,1/1-1/31/11,Akin Gump Strauss Hauer & Feld LLP,San Francisco,CA,323,Partners and employees of Akin Gump Strauss Hauer & Feld LLP (compensation for services provided),San Francisco,CA,"Compensation for pro bono legal services performed for Intervenors in litigation (Coleman, et al. v. Schwarzenegger et al. and Plata, et al. v. Schwarzenegger et al.); Representation of Members of California Legislature who are Intervenors in litigation pending in the U.S. District Court, Eastern and Northern Districts, California.",Governmental,3/2/11,
,2/1-2/28/11,Akin Gump Strauss Hauer & Feld LLP,San Francisco,CA,"2,020",Partners and employees of Akin Gump Strauss Hauer & Feld LLP (compensation for services provided),San Francisco,CA,"Compensaton for pro bono legal services  performed for Intervenors in litigation (Coleman, et al. v. Schwarzenegger et al. and Plata, et al. v. Schwarzenegger et al.); Representation of Members of California Legislature who are Intervenors in litigation pending in the U.S. District Court, Eastern and Northern Districts, California.",Governmental,4/4/11,
,3/1-3/31/11,Akin Gump Strauss Hauer & Feld LLP,San Francisco,CA,"4,400",Partners and employees of Akin Gump Strauss Hauer & Feld LLP (compensation for services provided),San Francisco,CA,"Compensaton for pro bono legal services  performed for Intervenors in litigation (Coleman, et al. v. Schwarzenegger et al. and Plata, et al. v. Schwarzenegger et al.); Representation of Members of California Legislature who are Intervenors in litigation pending in the U.S. District Court, Eastern and Northern Districts, California.",Governmental,4/28/11,
,4/1-4/30/11,Akin Gump Strauss Hauer & Feld LLP,San Francisco,CA,"1,650",Partners and employees of Akin Gump Strauss Hauer & Feld LLP (compensation for services provided),San Francisco,CA,"Compensaton for pro bono legal services  performed for Intervenors in litigation (Coleman, et al. v. Schwarzenegger et al. and Plata, et al. v. Schwarzenegger et al.); Representation of Members of California Legislature who are Intervenors in litigation pending in the U.S. District Court, Eastern and Northern Districts, California.",Governmental,5/27/11,
,9/28/11,Barona Band of Mission Indians,Lakeside,CA,"5,000",North County Trade Tech High School,Vista,CA,Assist in the purchase of a Weatherization Technician Lab at North County Trade Tech High School.,Charitable,10/5/11,
,,,,,,,,,,,,"54,198"
"Yee, Leland",5/14/11,Kaiser Permante,San Francisco,CA,"5,000",Richmond Health Fair Planning Committee,Richmond,CA,Annual health fair provides a variety of free medical and health services to the community.,Charitable,10/7/11,
,,,,,,,,,,,,"5,000"
,,,,,,,,,,,,
,,,,,"1,038,456",,,,,,,"1,038,456"
